model,metric,hypothesis,arm_a,arm_b,documents,mean_delta,bootstrap_95_low,bootstrap_95_high,positive_pairs,negative_pairs,ties
ling-free,bertscore,H1,C2,C1,320,-0.034841952845454216,-0.03949743187986314,-0.03024741714121774,59,261,0
ling-free,bertscore,H1b,C2,C1t,320,0.032882536947727206,0.02387333258986473,0.04138517087558285,203,117,0
ling-free,bertscore,H2,C3,C2,320,-0.016779538616538046,-0.021866021158639344,-0.011838776937220246,116,204,0
ling-free,bertscore,H3,C4,C3,320,0.009354440681636333,0.004188767445739359,0.014566678267437964,186,134,0
ling-free,bertscore,H4,C5,C4,320,0.005131330154836178,-0.0007970352796837686,0.011080367006361485,182,138,0
qwen37,bertscore,H1,C2,C1,320,-0.03614935614168644,-0.04033166114473715,-0.03199588700896129,45,275,0
qwen37,bertscore,H1b,C2,C1t,320,0.007621951773762703,-1.557601848617175e-05,0.015249256608076387,165,155,0
qwen37,bertscore,H2,C3,C2,320,-0.0058016393333673475,-0.010025065408553928,-0.0017176057794131385,136,184,0
qwen37,bertscore,H3,C4,C3,320,0.016402202751487495,0.01184727133717388,0.021077261928003282,215,102,3
qwen37,bertscore,H4,C5,C4,320,0.005867480393499136,0.001216187661048025,0.010433987469878043,177,143,0
gemma26,bertscore,H1,C2,C1,320,-0.035260227508842945,-0.04098990517901257,-0.029540086537599566,81,239,0
gemma26,bertscore,H1b,C2,C1t,320,0.028841735702008008,0.01732739958446473,0.040661686679814006,162,158,0
gemma26,bertscore,H2,C3,C2,320,-0.009778311662375926,-0.014169733149465173,-0.005711134283337742,130,189,1
gemma26,bertscore,H3,C4,C3,320,0.00870616538450122,0.004389530669432133,0.013178610363975165,197,121,2
gemma26,bertscore,H4,C5,C4,320,0.006872476264834404,0.0022277230536565185,0.01150054688565433,190,128,2
ling-free,rougeL,H1,C2,C1,320,-0.020082898449429294,-0.024015140252949582,-0.016348842112751845,87,233,0
ling-free,rougeL,H1b,C2,C1t,320,0.028048758595066982,0.021953198387792607,0.034167280531543574,217,103,0
ling-free,rougeL,H2,C3,C2,320,-0.008160998537838072,-0.011851454977189969,-0.004610081791427997,137,183,0
ling-free,rougeL,H3,C4,C3,320,0.006430772724040546,0.0027505674223844774,0.010051241327805266,188,132,0
ling-free,rougeL,H4,C5,C4,320,0.002219673689350956,-0.001594609220935388,0.00609358255297959,168,152,0
qwen37,rougeL,H1,C2,C1,320,-0.021653232840394287,-0.02526764797255559,-0.018059496175578425,73,247,0
qwen37,rougeL,H1b,C2,C1t,320,0.0125891468237594,0.006712836620553411,0.018361974837332543,188,132,0
qwen37,rougeL,H2,C3,C2,320,-0.011039676187719488,-0.013933715089089076,-0.008271907644517426,109,211,0
qwen37,rougeL,H3,C4,C3,320,0.010978393854544102,0.007750963704719044,0.014235529679025773,204,112,4
qwen37,rougeL,H4,C5,C4,320,0.003121387437231783,-0.00032676302430241093,0.006606089575348592,163,155,2
gemma26,rougeL,H1,C2,C1,320,-0.023222690669143047,-0.02868699307125525,-0.01794372304238381,96,224,0
gemma26,rougeL,H1b,C2,C1t,320,0.016155981411278005,0.00858900192299624,0.02352741464877217,183,137,0
gemma26,rougeL,H2,C3,C2,320,-0.008054055057856519,-0.011243517649659925,-0.0048615628220735055,117,201,2
gemma26,rougeL,H3,C4,C3,320,0.006264547994181091,0.0027594344663614836,0.009750427325085975,190,127,3
gemma26,rougeL,H4,C5,C4,320,0.007094870137763552,0.002941088011572007,0.01144727551054209,180,137,3
