model,metric,hypothesis,wave,documents,mean_delta
ling-free,bertscore,H1,1-160,160,-0.033752893842756745
ling-free,bertscore,H1,161-320,160,-0.03593101184815169
ling-free,bertscore,H1b,1-160,160,0.026891161501407624
ling-free,bertscore,H1b,161-320,160,0.038873912394046785
ling-free,bertscore,H2,1-160,160,-0.018553700670599936
ling-free,bertscore,H2,161-320,160,-0.015005376562476158
ling-free,bertscore,H3,1-160,160,0.014360570721328259
ling-free,bertscore,H3,161-320,160,0.004348310641944408
ling-free,bertscore,H4,1-160,160,0.004816370271146298
ling-free,bertscore,H4,161-320,160,0.0054462900385260585
ling-free,rougeL,H1,1-160,160,-0.0198559914131885
ling-free,rougeL,H1,161-320,160,-0.020309805485670084
ling-free,rougeL,H1b,1-160,160,0.022949761953136562
ling-free,rougeL,H1b,161-320,160,0.0331477552369974
ling-free,rougeL,H2,1-160,160,-0.007422521858119159
ling-free,rougeL,H2,161-320,160,-0.008899475217556982
ling-free,rougeL,H3,1-160,160,0.008461979426137935
ling-free,rougeL,H3,161-320,160,0.0043995660219431545
ling-free,rougeL,H4,1-160,160,0.0008049416713236569
ling-free,rougeL,H4,161-320,160,0.0036344057073782548
qwen37,bertscore,H1,1-160,160,-0.03727647606283426
qwen37,bertscore,H1,161-320,160,-0.03502223622053861
qwen37,bertscore,H1b,1-160,160,0.007043330930173397
qwen37,bertscore,H1b,161-320,160,0.00820057261735201
qwen37,bertscore,H2,1-160,160,-0.0062800154089927675
qwen37,bertscore,H2,161-320,160,-0.0053232632577419284
qwen37,bertscore,H3,1-160,160,0.015624615363776684
qwen37,bertscore,H3,161-320,160,0.017179790139198303
qwen37,bertscore,H4,1-160,160,0.006181357614696026
qwen37,bertscore,H4,161-320,160,0.005553603172302246
qwen37,rougeL,H1,1-160,160,-0.024601728652989197
qwen37,rougeL,H1,161-320,160,-0.01870473702779938
qwen37,rougeL,H1b,1-160,160,0.009304186351387314
qwen37,rougeL,H1b,161-320,160,0.015874107296131486
qwen37,rougeL,H2,1-160,160,-0.00720772165283647
qwen37,rougeL,H2,161-320,160,-0.014871630722602508
qwen37,rougeL,H3,1-160,160,0.009363106014646624
qwen37,rougeL,H3,161-320,160,0.012593681694441583
qwen37,rougeL,H4,1-160,160,-0.0007968696779232013
qwen37,rougeL,H4,161-320,160,0.007039644552386768
gemma26,bertscore,H1,1-160,160,-0.03496452365070581
gemma26,bertscore,H1,161-320,160,-0.03555593136698008
gemma26,bertscore,H1b,1-160,160,0.019479078240692616
gemma26,bertscore,H1b,161-320,160,0.0382043931633234
gemma26,bertscore,H2,1-160,160,-0.00891514252871275
gemma26,bertscore,H2,161-320,160,-0.010641480796039104
gemma26,bertscore,H3,1-160,160,0.006890331767499447
gemma26,bertscore,H3,161-320,160,0.010521999001502991
gemma26,bertscore,H4,1-160,160,0.0050865491852164265
gemma26,bertscore,H4,161-320,160,0.008658403344452382
gemma26,rougeL,H1,1-160,160,-0.02465195828614032
gemma26,rougeL,H1,161-320,160,-0.021793423052145777
gemma26,rougeL,H1b,1-160,160,0.009022721904187705
gemma26,rougeL,H1b,161-320,160,0.023289240918368308
gemma26,rougeL,H2,1-160,160,-0.00745744724193292
gemma26,rougeL,H2,161-320,160,-0.008650662873780116
gemma26,rougeL,H3,1-160,160,0.005722100916835825
gemma26,rougeL,H3,161-320,160,0.0068069950715263575
gemma26,rougeL,H4,1-160,160,0.0018542044576582584
gemma26,rougeL,H4,161-320,160,0.012335535817868845
