model,metric,arm_a,arm_b,n_pairs,mean_a,mean_b,delta,statistic,p_value,p_adjusted,effect_size,hypothesis
ling-free,bertscore,C2,C1,1000,0.6251634092926979,0.6607182662189007,-0.03555485692620278,47879.0,9.974724617317064e-109,9.974724617317065e-108,0.172,H1
ling-free,rougeL,C2,C1,1000,0.1451798360874551,0.1673526183194518,-0.022172782231996722,87585.0,6.382436794887019e-71,5.7441931153983174e-70,0.253,H1
ling-free,bertscore,C2,C1t,1000,0.6251634092926979,0.5905154238641263,0.0346479854285717,138607.0,2.409627620041369e-34,1.686739334028958e-33,0.645,H1b
ling-free,rougeL,C2,C1t,1000,0.1451798360874551,0.11449931349246928,0.03068052259498581,100757.0,3.4642465101883165e-60,2.771397208150653e-59,0.713,H1b
ling-free,bertscore,C3,C2,1000,0.6073256755471229,0.6251634092926979,-0.01783773374557495,169409.0,8.826636241034663e-19,5.295981744620798e-18,0.405,H2
ling-free,rougeL,C3,C2,1000,0.13665442099227512,0.1451798360874551,-0.008525415095179956,196373.0,3.6903528898070974e-09,1.476141155922839e-08,0.436,H2
ling-free,bertscore,C4,C3,1000,0.618089749366045,0.6073256755471229,0.010764073818922042,194899.0,1.3709449571500032e-09,6.854724785750016e-09,0.559,H3
ling-free,rougeL,C4,C3,1000,0.14347395115676667,0.13665442099227512,0.006819530164491544,199043.0,2.079641361186982e-08,6.238924083560945e-08,0.569,H3
ling-free,bertscore,C5,C4,1000,0.6235186369717121,0.618089749366045,0.005428887605667114,221353.0,0.0015607966936541553,0.0031215933873083106,0.542,H4
ling-free,rougeL,C5,C4,1000,0.14568662719670966,0.14347395115676667,0.002212676039942954,233883.0,0.07320164830455346,0.07320164830455346,0.526,H4
qwen37,bertscore,C2,C1,1000,0.6296656029224396,0.6679152086377144,-0.03824960571527481,44283.0,1.4816630509776129e-112,1.481663050977613e-111,0.159,H1
qwen37,rougeL,C2,C1,1000,0.1450345379273112,0.16772684891376055,-0.022692310986449356,80446.0,6.739692989279069e-77,6.065723690351163e-76,0.24424424424424424,H1
qwen37,bertscore,C2,C1t,1000,0.6296656029224396,0.6236035615205765,0.006062041401863098,236158.0,0.1229413579080019,0.1229413579080019,0.507,H1b
qwen37,rougeL,C2,C1t,1000,0.1450345379273112,0.13140967692296912,0.013624861004342095,168313.0,4.350657264315777e-19,2.1753286321578885e-18,0.6046046046046046,H1b
qwen37,bertscore,C3,C2,1000,0.6243296432793141,0.6296656029224396,-0.005335959643125534,203121.0,2.484655610201937e-07,7.453966830605811e-07,0.402,H2
qwen37,rougeL,C3,C2,1000,0.13379757331481318,0.1450345379273112,-0.011236964612498032,133971.0,4.123362159794403e-37,3.298689727835522e-36,0.325,H2
qwen37,bertscore,C4,C3,1000,0.639050749540329,0.6243296432793141,0.014721106261014938,149830.0,2.2601658623583368e-27,1.5821161036508356e-26,0.6516064257028112,H3
qwen37,rougeL,C4,C3,1000,0.1441622958464776,0.13379757331481318,0.010364722531664445,149956.0,1.4089250435386634e-26,8.45355026123198e-26,0.6471774193548387,H3
qwen37,bertscore,C5,C4,1000,0.6465743026435375,0.639050749540329,0.007523553103208542,199165.0,3.820370446016383e-08,1.5281481784065533e-07,0.5661322645290581,H4
qwen37,rougeL,C5,C4,1000,0.14854886050959537,0.1441622958464776,0.004386564663117744,210622.0,6.396394403365287e-05,0.00012792788806730574,0.5458207452165156,H4
gemma26,bertscore,C2,C1,1000,0.5998240895569324,0.6370713961720467,-0.03724730661511421,62346.0,2.312707963256951e-93,2.312707963256951e-92,0.20762286860581744,H1
gemma26,rougeL,C2,C1,1000,0.12244146389957275,0.1463027511529495,-0.023861287253376745,104845.0,3.5097512930207033e-56,3.158776163718633e-55,0.2781124497991968,H1
gemma26,bertscore,C2,C1t,1000,0.5998240895569324,0.5741778774857521,0.025646212071180344,212359.0,7.726627389530677e-05,7.726627389530677e-05,0.49096385542168675,H1b
gemma26,rougeL,C2,C1t,1000,0.12244146389957275,0.10682345686260077,0.015618007036971995,185689.0,7.639940595562557e-12,3.055976238225023e-11,0.5758793969849246,H1b
gemma26,bertscore,C3,C2,1000,0.5906012580990792,0.5998240895569324,-0.009222831457853317,177462.0,3.227900323177109e-15,2.2595302262239762e-14,0.405811623246493,H2
gemma26,rougeL,C3,C2,1000,0.11536759103303729,0.12244146389957275,-0.007073872866535479,178710.0,3.6927645644886326e-14,1.8463822822443163e-13,0.4014084507042254,H2
gemma26,bertscore,C4,C3,1000,0.600240652769804,0.5906012580990792,0.009639394670724869,163495.0,3.232805657318473e-20,2.5862445258547783e-19,0.6233635448136958,H3
gemma26,rougeL,C4,C3,1000,0.1227177108871536,0.11536759103303729,0.007350119854116326,174941.0,7.707482901747903e-15,4.6244897410487416e-14,0.6097067745197169,H3
gemma26,bertscore,C5,C4,1000,0.6076545037329197,0.600240652769804,0.007413850963115692,191039.0,3.9725695408994154e-10,1.1917708622698246e-09,0.5798994974874372,H4
gemma26,rougeL,C5,C4,1000,0.12848730696812777,0.1227177108871536,0.005769596080974151,206117.0,8.674286635621312e-06,1.7348573271242624e-05,0.5554435483870968,H4
